{"cameraMode":{"drawMode":0,"name":"Shaded","section":"Shading Mode"},"sceneLighting":false,"audioPlay":false,"sceneViewState":{"showFog":false,"showMaterialUpdate":false,"showSkybox":false,"showFlares":false,"showImageEffects":false,"showParticleSystems":false},"in2DMode":false,"pivot":{"x":-3.4181480407714845,"y":-1.1268048286437989,"z":3.2883715629577638},"rotation":{"x":-0.11063415557146073,"y":0.3848627209663391,"z":-0.046527471393346789,"w":-0.9151371121406555},"size":6.919137001037598,"orthographic":false}